models_name,MAP,Recall@1,Recall@5,Recall@10,Recall@20,mAP@1,mAP@5,mAP@10,mAP@20
PE-Core-L14-336_CLS_token,23.962651978781036,31.0,57.199999999999996,65.60000000000001,76.2,31.0,20.927777777777777,19.674642510707983,20.679491469827553
