models_name,MAP,Recall@1,Recall@5,Recall@10,Recall@20,mAP@1,mAP@5,mAP@10,mAP@20
PE-Core-T16-384_CLS_token,2.1437782820577005,0.0,0.0,0.0,0.0,0.0,0.0,0.0,0.0
PE-Core-T16-384_Mean_pooling,2.1437782820577005,0.0,0.0,0.0,0.0,0.0,0.0,0.0,0.0
PE-Core-T16-384_Mean_no_CLS,2.1437782820577005,0.0,0.0,0.0,0.0,0.0,0.0,0.0,0.0
PE-Core-T16-384_Max_pooling,2.1437782820577005,0.0,0.0,0.0,0.0,0.0,0.0,0.0,0.0
PE-Core-T16-384_GeM_pooling,2.1437782820577005,0.0,0.0,0.0,0.0,0.0,0.0,0.0,0.0
