models_name,MAP,Recall@1,Recall@5,Recall@10,Recall@20,mAP@1,mAP@5,mAP@10,mAP@20
PE-Core-G14-448_CLS_token,21.67976392064332,26.200000000000003,50.2,61.4,72.2,26.200000000000003,17.47083333333333,16.900743071302593,18.26130878523661
