models_name,MAP,Recall@1,Recall@5,Recall@10,Recall@20,mAP@1,mAP@5,mAP@10,mAP@20
PE-Core-B16-224_CLS_token,25.125391693854386,28.799999999999997,57.8,69.19999999999999,79.60000000000001,28.799999999999997,20.7705,20.18373441043084,21.387108149636525
