models_name,MAP,Recall@1,Recall@5,Recall@10,Recall@20,mAP@1,mAP@5,mAP@10,mAP@20
PE-Core-S16-384_CLS_token,18.815605679484378,24.8,43.6,57.199999999999996,70.0,24.8,15.576444444444446,14.279343852355758,15.055424644614693
