models_name,MAP,Recall@1,Recall@5,Recall@10,Recall@20,mAP@1,mAP@5,mAP@10,mAP@20
PE-Core-T16-384_CLS_token,17.861325013589312,24.4,45.4,58.599999999999994,71.0,24.4,13.731000000000002,13.253139991181659,14.266147431534135
