models_name,MAP,Recall@1,Recall@5,Recall@10,Recall@20,mAP@1,mAP@5,mAP@10,mAP@20
facebook/dinov3-vits16-pretrain-lvd1689m_CLS_token,30.767843737602924,38.0,56.99999999999999,65.60000000000001,77.60000000000001,38.0,25.910944444444446,25.319713750314943,26.917907339469465
facebook/dinov3-vits16plus-pretrain-lvd1689m_CLS_token,29.901572755713087,33.6,52.8,64.4,73.6,33.6,24.36605555555556,24.420306216931216,26.38404332459146
facebook/dinov3-vitb16-pretrain-lvd1689m_GeM_pooling,34.10312444272868,41.4,63.6,73.8,85.39999999999999,41.4,28.40027777777777,28.395626574703957,30.845361113236645
