models_name,Recall@1,Recall@5,Recall@10,Recall@20,mAP@1,mAP@5,mAP@10,mAP@20
SURF_BoW_TF-IDF,2.8974739970282317,8.172362555720653,11.515601783060921,18.387815750371473,2.8974739970282317,1.4317834736668318,1.2327444619089176,1.3339129420836922
