models_name,Recall@1,Recall@5,Recall@10,Recall@20,mAP@1,mAP@5,mAP@10,mAP@20
ORB_BoW_baseline,1.634472511144131,3.7147102526002973,5.349182763744428,9.212481426448738,1.634472511144131,0.635979032524352,0.5079941437391643,0.5317693874282241
