models_name,Recall@1,Recall@5,Recall@10,Recall@20,mAP@1,mAP@5,mAP@10,mAP@20
SIFT_BoW_TF-IDF,8.803863298662705,17.421991084695392,22.25111441307578,28.826151560178303,8.803863298662705,4.62147102526003,3.9761622637195315,4.051299092095646
