alpha,MAP,Recall@1,Recall@5,Recall@10,Recall@20,mAP@1,mAP@5,mAP@10,mAP@20
0.1,38.07636633352868,45.0,66.4,76.8,85.2,45.0,33.00633333333333,32.740402305366594,34.62106834017106
0.2,38.786303445021545,45.6,67.0,77.0,84.8,45.6,33.44088888888889,33.20519576719577,35.21838603847293
0.3,39.48819722263876,45.800000000000004,67.4,77.0,83.6,45.800000000000004,33.94588888888889,33.7200738851096,35.87415827030896
0.4,40.11476265204732,46.2,66.8,76.8,83.6,46.2,34.13038888888889,34.19466291887125,36.44578000546925
0.5,40.63400357093065,46.2,67.2,76.2,82.6,46.2,34.428888888888885,34.47473557571177,36.83564337264686
0.6,40.88458606791819,46.400000000000006,66.60000000000001,76.2,81.8,46.400000000000006,34.358166666666676,34.57001322751323,36.97821777286382
0.7,40.948264726799664,46.2,65.60000000000001,74.6,80.4,46.2,34.180166666666665,34.47478458049887,36.94541335757408
0.8,40.96717910952043,45.4,64.0,73.2,78.60000000000001,45.4,33.93083333333333,34.26766288737718,36.880895170019215
0.9,40.95809075969313,44.800000000000004,63.6,72.39999999999999,77.0,44.800000000000004,33.719166666666666,34.094797808012096,36.8738085227579
